"","station_names"
"1","Wadsworth Ave & W 179 St"
"2","E 88 St & Park Ave"
"3","W 52 St & 6 Ave"
"4","W 52 St & 11 Ave"
"5","Central Park West & W 72 St"
"6","24 St & 41 Ave"
"7","Crescent St & 35 Ave"
"8","3 Ave & E 71 St"
"9","Cherry St"
"10","E 20 St & 2 Ave"
"11","N 6 St & Bedford Ave"
"12","W 148 St & Amsterdam Ave"
"13","Christopher St & Greenwich St"
"14","Atlantic Ave & Fort Greene Pl"
"15","E 39 St & Lexington Ave"
"16","E 15 St & 3 Ave"
"17","Tinton Ave & E 165 St"
"18","2 Ave & E 99 St"
"19","S 4 St & Wythe Ave"
"20","E 118 St & Madison Ave"
"21","Ogden Ave & W 164 St"
"22","Vernon Blvd & 10 St"
"23","W 70 St & Amsterdam Ave"
"24","11 Ave & W 59 St"
"25","Myrtle Ave & Linden St"
"26","6 Ave & W 34 St"
"27","Bank St & Washington St"
"28","21 St & Hoyt Ave S"
"29","Brook Ave & E 138 St"
"30","Franklin St & Dupont St"
"31","Columbus Ave & W 72 St"
"32","Irving Ave & Halsey St"
"33","Knickerbocker Ave & George St"
"34","Leonard St & Maujer St"
"35","1 Ave & E 30 St"
"36","W 48 St & Rockefeller Plaza"
"37","North Moore St & Greenwich St"
"38","Harrison St & Hudson St"
"39","W 43 St & 10 Ave"
"40","4 Ave & E 12 St"
"41","E 20 St & FDR Drive"
"42","Lewis Ave & Madison St"
"43","Old Fulton St"
"44","1 Ave & E 62 St"
"45","E 5 St & Avenue C"
"46","Adam Clayton Powell Blvd & W 141 St"
"47","Suffolk St & Stanton St"
"48","11 Ave & W 41 St"
"49","E 74 St & 1 Ave"
"50","12 Ave & W 40 St"
"51","Central Ave & Himrod St"
"52","Cadman Plaza E & Johnson St"
"53","1 Ave & E 16 St"
"54","William St & Pine St"
"55","Willoughby Ave & Onderdonk Ave"
"56","W 54 St & 9 Ave"
"57","2 Ave & E 125 St"
"58","8 Ave & W 52 St"
"59","Jerome Ave & E 164 St"
"60","West St & Chambers St"
"61","Berkeley Pl & 7 Ave"
"62","McKibbin St & Manhattan Ave"
"63","W 41 St & 8 Ave"
"64","W 110 St & Amsterdam Ave"
"65","Nassau Ave & Russell St"
"66","W 64 St & Thelonious Monk Circle"
"67","E 72 St & York Ave"
"68","Bushwick Ave & Powers St"
"69","Canal St & Rutgers St"
"70","Madison St & Forest Ave"
"71","E 84 St & Park Ave"
"72","Kosciuszko St & Nostrand Ave"
"73","W 89 St & Columbus Ave"
"74","Underhill Ave & Lincoln Pl"
"75","E 56 St & Madison Ave"
"76","Pierrepont St & Monroe Pl"
"77","E 13 St & Avenue A"
"78","1 Ave & E 78 St"
"79","10 Ave & W 28 St"
"80","W 15 St & 7 Ave"
"81","Broadway & W 133 St"
"82","21 St & 38 Ave"
"83","E 76 St & Park Ave"
"84","Centre St & Chambers St"
"85","Classon Ave & St Marks Ave"
"86","E 161 St & Park Ave"
"87","Rivington St & Ridge St"
"88","6 Ave & W 33 St"
"89","Fulton St & Utica Ave"
"90","Park Pl & Church St"
"91","Broadway & Whipple St"
"92","W 106 St & Amsterdam Ave"
"93","DeKalb Ave & Franklin Ave"
"94","Central Park West & W 76 St"
"95","8 Ave & W 16 St"
"96","E 33 St & 1 Ave"
"97","E 53 St & Madison Ave"
"98","E 97 St & Madison Ave"
"99","W 106 St & Central Park West"
"100","Maiden Ln & Pearl St"
"101","W 37 St & 5 Ave"
"102","E 102 St & 1 Ave"
"103","E 4 St & 2 Ave"
"104","E 132 St & Madison Ave"
"105","Broadway & W 58 St"
"106","St Mary's St & Jackson Ave"
"107","Spruce St & Nassau St"
"108","Allen St & Stanton St"
"109","Frederick Douglass Blvd & W 115 St"
"110","W 56 St & 10 Ave"
"111","Queens Plaza North & Crescent St"
"112","Lenox Ave & W 111 St"
"113","Lawrence St & Willoughby St"
"114","5 Ave & E 29 St"
"115","6 Ave & W 45 St"
"116","E 2 St & Avenue B"
"117","Union Ave & Wallabout St"
"118","W 35 St & 9 Ave"
"119","Fulton St & Broadway"
"120","E 11 St & 2 Ave"
"121","Amsterdam Ave & W 131 St"
"122","Union St & Bedford Ave"
"123","W 20 St & 7 Ave"
"124","River Ave & E 151 St"
"125","Duffield St & Willoughby St"
"126","Grand St & Elizabeth St"
"127","21 St & 36 Ave"
"128","Broadway & W 29 St"
"129","Cedar St & Myrtle Ave"
"130","Avenue D & E 8 St"
"131","E 55 St & 2 Ave"
"132","Central Park West & W 85 St"
"133","E 51 St & 2 Ave"
"134","3 Ave & E 72 St"
"135","Nostrand Ave & Myrtle Ave"
"136","West End Ave & W 60 St"
"137","Washington Ave & E 163 St"
"138","W 31 St & 7 Ave"
"139","Union St & 4 Ave"
"140","E 118 St & 1 Ave"
"141","Lispenard St & Broadway"
"142","Hanson Pl & Ashland Pl"
"143","University Pl & E 14 St"
"144","Kingston Ave & Herkimer St"
"145","W 59 St & 10 Ave"
"146","Beaver St & Fayette St"
"147","6 Ave & Canal St"
"148","Adam Clayton Powell Blvd & W 130 St"
"149","E 106 St & Madison Ave"
"150","E 115 St & Lexington Ave"
"151","Centre St & Worth St"
"152","1 Ave & E 18 St"
"153","W 16 St & The High Line"
"154","E 167 St & Bryant Ave"
"155","Adam Clayton Powell Blvd & W 126 St"
"156","Lexington Ave & E 36 St"
"157","West St & Liberty St"
"158","Grand Concourse & E 167 St"
"159","Halsey St & Evergreen Ave"
"160","White St & Moore St"
"161","W 4 St & 7 Ave S"
"162","44 Dr & 21 St"
"163","W 45 St & 8 Ave"
"164","W 100 St & Manhattan Ave"
"165","Congress St & Clinton St"
"166","Front St & Jay St"
"167","Rivington St & Chrystie St"
"168","Columbus Ave & W 103 St"
"169","Broadway & W 122 St"
"170","W 25 St & 6 Ave"
"171","Boerum St & Broadway"
"172","State St & Smith St"
"173","Stockholm St & Wilson Ave"
"174","Lenox Ave & W 126 St"
"175","Gerard Ave & E 165 St"
"176","Menahan St & Central Ave"
"177","31 Ave & 14 St"
"178","21 St & Queens Plaza North"
"179","Riverside Blvd & W 67 St"
"180","Willis Ave & E 141 St"
"181","Van Sinderen Ave & Truxton St"
"182","W 30 St & 10 Ave"
"183","Avenue D & E 10 St"
"184","Sterling Pl & Bedford Ave"
"185","W 104 St & Amsterdam Ave"
"186","W 22 St & 10 Ave"
"187","LaGuardia Pl & W 3 St"
"188","1 Ave & E 44 St"
"189","E 32 St & Park Ave"
"190","W 21 St & 6 Ave"
"191","3 St & 7 Ave"
"192","Somers St & Broadway"
"193","Wilson Ave & Moffat St"
"194","E 6 St & Avenue D"
"195","31 St & Newtown Ave"
"196","E 7 St & Avenue A"
"197","E 156 & Brook Ave"
"198","Huron St & Franklin St"
"199","W 84 St & Columbus Ave"
"200","Pulaski St & Marcus Garvey Blvd"
"201","E 91 St & Park Ave"
"202","Verona Pl & Fulton St"
"203","Dawson St & Intervale Ave"
"204","W Broadway & W Houston St"
"205","Howard St & Centre St"
"206","Henry St & Grand St"
"207","Johnson St & Gold St"
"208","W 92 St & Broadway"
"209","3 Ave & 14 St"
"210","Irving Ave & Palmetto St"
"211","Westchester Ave & Longwood Ave"
"212","E 16 St & 5 Ave"
"213","Broadway & W 49 St"
"214","35 St & 34 Ave"
"215","E 149 St & Jackson Ave"
"216","9 Ave & W 28 St"
"217","Warren St & Court St"
"218","E 12 St & 3 Ave"
"219","Lafayette St & Jersey St"
"220","Central Park W & W 97 St"
"221","Cambridge Pl & Gates Ave"
"222","3 Ave & E 100 St"
"223","Eastern Pkwy & Franklin Ave"
"224","Amsterdam Ave & W 125 St"
"225","Amsterdam Ave & W 180 St"
"226","E 58 St &  1 Ave (NW Corner)"
"227","8 Ave & W 33 St"
"228","W 76 St & Columbus Ave"
"229","Avenue C & E 18 St"
"230","E 75 St & 3 Ave"
"231","E 161 St & River Ave"
"232","West End Ave & W 94 St"
"233","W 180 St & Ft Washington Ave"
"234","Broadway & W 51 St"
"235","South St & Whitehall St"
"236","Cooper Square & Astor Pl"
"237","Hamilton Pl & W 138 St"
"238","Clinton St & Grand St"
"239","Adam Clayton Powell Blvd & W 138 St"
"240","Pershing Square South"
"241","Prospect Ave & E 167 St"
"242","Broadway & W 41 St"
"243","Broadway & W 60 St"
"244","31 St & Astoria Blvd"
"245","Sullivan Pl & Franklin Ave"
"246","E 2 St & Avenue A"
"247","Broadway & E 14 St"
"248","Lenox Ave & W 133 St"
"249","Monroe St & Bedford Ave"
"250","Bedford Ave & S 9 St"
"251","Cathedral Pkwy & Broadway"
"252","Steinway St & 28 Ave"
"253","Irving Ave & Harman St"
"254","Putnam Ave & Wyckoff Ave"
"255","Greenpoint Ave & Manhattan Ave"
"256","Greene Ave & Throop Ave"
"257","Sullivan Pl & Bedford Ave"
"258","Forsyth St & Broome St"
"259","Amsterdam Ave & W 82 St"
"260","Broadway & W 53 St"
"261","Madison St & Clinton St"
"262","Melrose St & Broadway"
"263","W 13 St & 5 Ave"
"264","E 85 St & 3 Ave"
"265","Center Blvd & 48 Ave"
"266","E 102 St & Park Ave"
"267","River Ave & E 153 St"
"268","Roebling St & N 4 St"
"269","Riverside Dr & W 138 St"
"270","W 33 St & 7 Ave"
"271","E 174 St & Longfellow Ave"
"272","Edgecombe Ave & W 141 St"
"273","E 95 St & 3 Ave"
"274","W 42 St & Dyer Ave"
"275","Great Jones St"
"276","Willoughby St & Fleet St"
"277","University Pl & E 8 St"
"278","Concourse Village West & E 156 St"
"279","5 Av & W 139 St"
"280","Suydam St & Broadway"
"281","Willoughby Ave & Tompkins Ave"
"282","Onderdonk Ave & Gates Ave"
"283","E 53 St & 3 Ave"
"284","W 63 St & Broadway"
"285","W 26 St & 8 Ave"
"286","Bushwick Ave & Harman St"
"287","E 138 St & Grand Concourse"
"288","E 17 St & Broadway"
"289","Mott St & Prince St"
"290","Pitt St & Stanton St"
"291","Willoughby Ave & Wyckoff Ave"
"292","E 81 St & Park Ave"
"293","Water - Whitehall Plaza"
"294","Wyckoff Av & Stanhope St"
"295","Broadway & Berry St"
"296","Bradhurst Ave & W 148 St"
"297","Front St & Maiden Ln"
"298","Grand Concourse & E 144 St"
"299","W 49 St & 8 Ave"
"300","Franklin Ave & E 169 St"
"301","Wilson Ave & Troutman St"
"302","Broadway & W 165 St"
"303","Audobon Ave & W 179 St"
"304","Norfolk St & Broome St"
"305","Pearl St & Peck Slip"
"306","E 60 St & York Ave"
"307","Hope St & Union Ave"
"308","31 St & Thomson Ave"
"309","Irving Ave & DeKalb Ave"
"310","W 116 St & Broadway"
"311","E 20 St & Park Ave"
"312","W 100 St & Broadway"
"313","W 24 St & 7 Ave"
"314","Central Park W & W 103 St"
"315","Boston Rd & E 167 St"
"316","Hart St & Wyckoff Ave"
"317","Central Park S & 6 Ave"
"318","Sands St Gate"
"319","Riverside Dr & W 91 St"
"320","W 113 St & Broadway"
"321","E 33 St & 5 Ave"
"322","Broadway & W 155 St"
"323","Cypress Ave & Palmetto St"
"324","Carroll St & Smith St"
"325","Woodward Ave & Harman St"
"326","Broadway & W 38 St"
"327","Crescent St & Broadway"
"328","Amsterdam Ave & W 73 St"
"329","St Nicholas Ave & Manhattan Ave"
"330","W 15 St & 6 Ave"
"331","3 Ave & Schermerhorn St"
"332","W 87 St & Amsterdam Ave"
"333","Goble Pl & Macombs Rd"
"334","Pleasant Ave & E 120 St"
"335","E 51 St & Lexington Ave"
"336","W 22 St & 8 Ave"
"337","Carmine St & 6 Ave"
"338","Grand Army Plaza & Central Park S"
"339","1 Ave & E 39 St"
"340","Driggs Ave & N Henry St"
"341","2 Ave & E 104 St"
"342","Pike St & Monroe St"
"343","Knickerbocker Ave & Hancock St"
"344","S 4 St & Rodney St"
"345","Westchester Ave & Jackson Ave"
"346","E 59 St & Madison Ave"
"347","Pearl St & Hanover Square"
"348","Forsyth St & Canal St"
"349","Gerard Ave & E 146 St"
"350","27 Ave & 3 St"
"351","5 Ave & 3 St"
"352","W 50 St & 9 Ave"
"353","Pier 40 - Hudson River Park"
"354","Wyckoff Av & Jefferson St"
"355","9 Ave & W 22 St"
"356","Grand St & Havemeyer St"
"357","Broadway & W 131 St"
"358","St James Pl & Oliver St"
"359","Broadway & E 22 St"
"360","W 116 St & Amsterdam Ave"
"361","W 84 St & Broadway"
"362","Myrtle Ave & Marcy Ave"
"363","34 Ave & 21 St"
"364","E 66 St & Madison Ave"
"365","2 Ave & E 31 St"
"366","Hamilton Pl & W 140 St"
"367","Centre St & Seneca Ave"
"368","4 Ave & 9 St"
"369","1 Ave & E 68 St"
"370","Metropolitan Ave & Bedford Ave"
"371","E 85 St & York Ave"
"372","Richards St & Delavan St"
"373","MacDougal St & Prince St"
"374","6 Ave & Broome St"
"375","Courtlandt Ave & E 149 St"
"376","W 169 St & Fort Washington Ave"
"377","E 63 St & 3 Ave"
"378","2 Ave & E 72 St"
"379","Pleasant Ave & E 116 St"
"380","W 53 St & 10 Ave"
"381","S 5 Pl & S 5 St"
"382","Bank St & Hudson St"
"383","Bushwick Ave & Stagg St"
"384","Columbus Ave & W 95 St"
"385","Bayard St & Baxter St"
"386","Devoe St & Lorimer St"
"387","Lafayette St & E 8 St"
"388","Riverside Dr & W 153 St"
"389","Bayard St & Leonard St"
"390","E 163 St & Union Ave"
"391","Broadway & W 56 St"
"392","Grand Concourse & East Mount Eden Ave"
"393","Wadsworth Ave & W 175 St"
"394","Grand St & Greene St"
"395","W 95 St & Broadway"
"396","Lexington Ave & E 26 St"
"397","Driggs Ave & Lorimer St"
"398","Convent Ave & W 135 St"
"399","E 142 St & 3 Ave"
"400","Stanton St & Norfolk St"
"401","Southern Blvd & Avenue St. John"
"402","Frederick Douglass Blvd & W 117 St"
"403","Willoughby Ave & Myrtle Ave"
"404","Clinton Ave & Flushing Ave"
"405","E 138 St & 5 Av"
"406","Melrose Ave & E 154 St"
"407","W 42 St & 8 Ave"
"408","Broadway & W 25 St"
"409","Waterbury St & Stagg St"
"410","Central Ave & Melrose St"
"411","Greenwich St & W Houston St"
"412","E 11 St & 1 Ave"
"413","Grant Ave & E 164 St"
"414","Park Ave & E 124 St"
"415","E 53 St & Lexington Ave"
"416","Broadway & Battery Pl"
"417","White St & Johnson Ave"
"418","Humboldt St & Varet St"
"419","Broadway & W 153 St"
"420","W 181 St & Riverside Dr"
"421","E 91 St & 2 Ave"
"422","5 Ave & W 131 St"
"423","7 Ave & Central Park South"
"424","Greenwich Ave & Charles St"
"425","Edgecombe Ave & W 145 St"
"426","Allen St & Rivington St"
"427","Adam Clayton Powell Blvd & W 115 St"
"428","W 47 St & 10 Ave"
"429","Madison Ave & E 120 St"
"430","Grove St & Broadway"
"431","8 Ave & W 38 St"
"432","Willoughby Ave & Hall St"
"433","Astoria Park S & Shore Blvd"
"434","E 78 St & 2 Ave"
"435","11 Ave & W 27 St"
"436","E 144 St & Brook Ave"
"437","Central Park West & W 68 St"
"438","Catherine St & Monroe St"
"439","Frederick Douglass Blvd & W 145 St"
"440","Old Broadway & W 133 St"
"441","Rockaway Ave & Bainbridge St"
"442","W 40 St & 5 Ave"
"443","Fulton St & Waverly Ave"
"444","Southern Blvd & E 149 St"
"445","Leonard St & Church St"
"446","Watts St & Greenwich St"
"447","Frederick Douglass Blvd & W 129 St"
"448","Liberty St & Nassau St"
"449","E 82 St & East End Ave"
"450","Southern Blvd & E 172 St"
"451","Stanton St & Mangin St"
"452","Lexington Ave & E 128 St"
"453","Bialystoker Pl & Delancey St"
"454","Front St & Washington St"
"455","E 56 St & 3 Ave"
"456","2 Ave & E 96 St"
"457","E 170 St & Webster Ave"
"458","Carlton Ave & Park Ave"
"459","Carroll St & 5 Ave"
"460","Broadway & W 160 St"
"461","E 10 St & Avenue A"
"462","W 46 St & 11 Ave"
"463","Rogers Ave & Sterling St"
"464","Broadway & Roebling St"
"465","Ditmars Blvd & 19 St"
"466","Freeman St & Southern Blvd"
"467","Madison Ave & E 82 St"
"468","Flushing Ave & Vanderbilt Ave"
"469","Adam Clayton Powell Blvd & W 123 St"
"470","Lenox Ave & W 117 St"
"471","Grand Concourse & E 166 St"
"472","W 42 St & 6 Ave"
"473","W 147 St & Adam Clayton Powell Blvd"
"474","Walton Ave & E 168 St"
"475","Marcus Garvey Blvd & Macon St"
"476","E 58 St & Madison Ave"
"477","S Portland Ave & Hanson Pl"
"478","E 97 St & 3 Ave"
"479","Lenox Ave & W 115 St"
"480","E 23 St & 1 Ave"
"481","Clinton Ave & Myrtle Ave"
"482","St. Nicholas Ave & W 155 St"
"483","Greenwich Ave & 8 Ave"
"484","W 27 St & 7 Ave"
"485","E 58 St & 1 Ave (NE Corner)"
"486","Pacific St & Nevins St"
"487","E 110 St & Madison Ave"
"488","W 37 St & 10 Ave"
"489","Columbia St & Kane St"
"490","Clark St & Henry St"
"491","Scholes St & Manhattan Ave"
"492","Amsterdam Ave & W 136 St"
"493","Montague St & Clinton St"
"494","Graham Ave & Grand St"
"495","St Nicholas Ave & E 134 St"
"496","Bond St & Fulton St"
"497","Bond St & Bergen St"
"498","Macombs Pl & W 152 St"
"499","E 25 St & 2 Ave"
"500","Barclay St & Church St"
"501","28 Ave & 35 St"
"502","W 55 St & 6 Ave"
"503","Avenue D & E 3 St"
"504","E 30 St & Park Ave S"
"505","Broadway & Moylan Pl"
"506","Duane St & Greenwich St"
"507","Bedford Ave & Nassau Ave"
"508","Madison St & Montgomery St"
"509","Park Ave & E 162 St"
"510","10 St & 7 Ave"
"511","E 89 St & York Ave"
"512","Newtown Ave & 23 St"
"513","Lexington Ave & E 29 St"
"514","Motorgate"
"515","E 44 St & 2 Ave"
"516","Allen St & Hester St"
"517","W 20 St & 8 Ave"
"518","E 81 St & 2 Ave"
"519","W 144 St & Adam Clayton Powell Blvd"
"520","E 109 St & 3 Ave"
"521","E 128 St & Madison Ave"
"522","Madison Ave & E 26 St"
"523","E 89 St & 3 Ave"
"524","E 81 St & York Ave"
"525","E 88 St & 1 Ave"
"526","7 Ave & Park Pl"
"527","Grand Ave & Bergen St"
"528","West Drive & Prospect Park West"
"529","Crescent St & Ditmars Blvd"
"530","Lewis Ave & Kosciuszko St"
"531","Franklin Ave & Myrtle Ave"
"532","E 11 St & Avenue B"
"533","35 Ave & 37 St"
"534","Murray St & Greenwich St"
"535","Little West St & 1 Pl"
"536","Vesey Pl & River Terrace"
"537","Union Ave & N 12 St"
"538","Schermerhorn St & Bond St"
"539","9 Ave & W 45 St"
"540","Marcy Ave & Lafayette Ave"
"541","E 2 St & 2 Ave"
"542","Carroll St & Franklin Ave"
"543","West End Ave & W 107 St"
"544","8 Ave & W 31 St"
"545","35 St & Broadway"
"546","3 Ave & E 112 St"
"547","Hicks St & Montague St"
"548","31 Ave & 34 St"
"549","E 31 St & 3 Ave"
"550","Carroll St & Bond St"
"551","31 Ave & Crescent St"
"552","Carroll St & 6 Ave"
"553","W 36 St & 9 Ave"
"554","Frederick Douglass Blvd & W 112 St"
"555","5 Ave & E 88 St"
"556","E 47 St & 1 Ave"
"557","W 67 St & Broadway"
"558","Dean St & Hoyt St"
"559","W 78 St & Amsterdam Ave"
"560","FDR Drive & E 35 St"
"561","E 19 St & 3 Ave"
"562","1 Ave & E 94 St"
"563","Willoughby Ave & Walworth St"
"564","Madison St & Seneca Ave"
"565","E 27 St & 1 Ave"
"566","Newton Rd & 44 St"
"567","9 Ave & W 18 St"
"568","St Marks Pl & 2 Ave"
"569","Vernon Blvd & 50 Ave"
"570","3 Ave & E 170 St"
"571","Lenox Ave & W 146 St"
"572","W 87 St & West End Ave"
"573","31 St & Broadway"
"574","E 47 St & 2 Ave"
"575","S 3 St & Bedford Ave"
"576","Riverside Dr & W 72 St"
"577","35 Ave & 10 St"
"578","Monroe St & Tompkins Ave"
"579","Sharon St & Olive St"
"580","St Marks Pl & 1 Ave"
"581","Concord St & Bridge St"
"582","Berkeley Pl & 6 Ave"
"583","East End Ave & E 86 St"
"584","Amsterdam Ave & W 66 St"
"585","W 18 St & 6 Ave"
"586","W 82 St & Central Park West"
"587","Cadman Plaza E & Red Cross Pl"
"588","Lexington Ave & E 120 St"
"589","Jackson Ave & 46 Rd"
"590","Washington Ave & Greene Ave"
"591","34 Ave & 38 St"
"592","Kane St & Clinton St"
"593","12 Ave & W 125 St"
"594","Bus Slip & State St"
"595","36 Ave & 31 St"
"596","Schermerhorn St & Court St"
"597","Pershing Square North"
"598","Broadway & W 37 St"
"599","E 25 St & 1 Ave"
"600","Riverside Dr & W 104 St"
"601","Lenox Ave & W 144 St"
"602","31 Ave & Steinway St"
"603","Madison St & Evergreen Ave"
"604","43 St & Broadway"
"605","Bedford Ave & Bergen St"
"606","6 Ave & 12 St"
"607","Engert Ave & McGuinness Blvd"
"608","Fulton St & William St"
"609","Lafayette Ave & St James Pl"
"610","Hudson St & Reade St"
"611","Greenwich St & Hubert St"
"612","E 93 St & 2 Ave"
"613","27 Ave & 9 St"
"614","E 103 St & Lexington Ave"
"615","Morgan Ave & Maspeth Ave"
"616","Graham Ave & Withers St"
"617","Cauldwell Ave & E 161 St"
"618","Powers St & Olive St"
"619","E 68 St & Madison Ave"
"620","Pacific St & Classon Ave"
"621","St Johns Pl & Washington Ave"
"622","3 Ave & E 163 St"
"623","Berry St & N 8 St"
"624","E 65 St & 2 Ave"
"625","Adam Clayton Powell Blvd & W 118 St"
"626","Wythe Ave & Metropolitan Ave"
"627","N 12 St & Bedford Ave"
"628","Kent Ave & N 7 St"
"629","Central Ave & Flushing Ave"
"630","Perry St & Bleecker St"
"631","Crescent St & 30 Ave"
"632","Jay St & Tech Pl"
"633","Cliff St & Fulton St"
"634","Meserole Ave & Manhattan Ave"
"635","W 74 St & Columbus Ave"
"636","Vernon Blvd & 30 Rd"
"637","E 118 St & Park Ave"
"638","Kingsland Ave & Nassau Ave"
"639","Prospect Pl & 6 Ave"
"640","E 58 St & 3 Ave"
"641","Lexington Ave & E 111 St"
"642","Emerson Pl & Myrtle Ave"
"643","Adam Clayton Powell Blvd & W 132 St"
"644","Market St & Cherry St"
"645","Central Park North & Adam Clayton Powell Blvd"
"646","E 84 St & 1 Ave"
"647","5 St & 6 Ave"
"648","44 Dr & Jackson Ave"
"649","Baltic St & 5 Ave"
"650","Roosevelt Island Tramway"
"651","1 Ave & E 5 St"
"652","Hancock St & Bedford Ave"
"653","Clay Ave & E 173 St"
"654","5 Ave & E 78 St"
"655","Washington Ave & Park Ave"
"656","DeKalb Ave & Vanderbilt Ave"
"657","40 Ave & Crescent St"
"658","Columbia St & Lorraine St"
"659","W 18 St & 9 Ave"
"660","Clinton St & 4 Place"
"661","Dean St & 4 Ave"
"662","DeKalb Ave & Hudson Ave"
"663","Madison Ave & E 99 St"
"664","Myrtle Ave & St Edwards St"
"665","St. Ann's Av & Bruckner Blvd"
"666","Clinton St & Union St"
"667","28 Ave & 44 St"
"668","Vernon Blvd & 31 Ave"
"669","Ogden Ave & W 165 St"
"670","W 15 St & 10 Ave"
"671","Washington St & Gansevoort St"
"672","Wyckoff St & Nevins St"
"673","E 41 St & Madison Ave"
"674","Greene Ave & Nostrand Ave"
"675","E 118 St & 3 Ave"
"676","Broadway & W 36 St"
"677","McGuinness Blvd & Eagle St"
"678","Fort Washington Ave & W 173 St"
"679","Park Pl & Vanderbilt Ave"
"680","45 Rd & 11 St"
"681","Throop Ave & Myrtle Ave"
"682","Norman St & Wyckoff Ave"
"683","Franklin St & W Broadway"
"684","W 20 St & 10 Ave"
"685","34 St & 35 Ave"
"686","Underhill Ave & Pacific St"
"687","W 35 St & Dyer Ave"
"688","W 13 St & 7 Ave"
"689","Mercer St & Bleecker St"
"690","Amsterdam Ave & W 167 St"
"691","Washington Pl & 6 Ave"
"692","Degraw St & Smith St"
"693","Clermont Ave & Lafayette Ave"
"694","E 128 St & 3 Ave"
"695","Garfield Pl & 8 Ave"
"696","Metropolitan Ave & Meeker Ave"
"697","E 114 St & 1 Ave"
"698","E 51 St & 1 Ave"
"699","Union Ave & Jackson St"
"700","West End Ave & W 78 St"
"701","Bushwick Ave & Forrest St"
"702","Bergen St & Smith St"
"703","E 48 St & 3 Ave"
"704","Henry St & Degraw St"
"705","President St & Henry St"
"706","Vernon Blvd & 47 Rd"
"707","Irving Ave & Jefferson St"
"708","E 106 St & Lexington Ave"
"709","Cleveland Pl & Spring St"
"710","E 48 St & 5 Ave"
"711","E 2 St & Avenue C"
"712","24 Ave & 29 St"
"713","Willis Ave & E 137 St"
"714","Wall St & South St"
"715","28 St & 41 Ave"
"716","South St & Gouverneur Ln"
"717","Amsterdam Ave & W 119 St"
"718","Columbia St & Rivington St"
"719","19 St & 24 Ave"
"720","Fulton St & Irving Pl"
"721","Prospect Pl & Underhill Ave"
"722","Brooklyn Bridge Park - Pier 2"
"723","E 43 St & 5 Ave"
"724","E 45 St & 3 Ave"
"725","Broadway & Furman Ave"
"726","Broadway & 12 St"
"727","Reade St & Broadway"
"728","E 47 St & Park Ave"
"729","3 Ave & E 62 St"
"730","Pioneer St & Van Brunt St"
"731","Court St & State St"
"732","Stanton St & Chrystie St"
"733","Van Brunt St & Van Dyke St"
"734","Grand Army Plaza & Plaza St West"
"735","E 115 St & Madison Ave"
"736","Riverside Dr & W 145 St"
"737","Morris Ave & McClellan St"
"738","Central Park W & W 91 St"
"739","31 St & 23 Ave"
"740","W 160 St & St. Nicholas Ave"
"741","Madison Av & E 51 St"
"742","India St & West St"
"743","31 Ave & 30 St"
"744","Center Blvd & 51 Ave"
"745","Pioneer St & Richards St"
"746","5 Ave & E 126 St"
"747","Adelphi St & Myrtle Ave"
"748","Halsey St & Tompkins Ave"
"749","Dean St & Franklin Ave"
"750","W 163 St & Edgecombe Ave"
"751","Fort Washington Ave & W 183 St"
"752","Pike St & E Broadway"
"753","MacDougal St & Washington Sq"
"754","E 169 St & Webster Ave"
"755","Dock 72 Way & Market St"
"756","Waterloo Pl & Crotona Park East"
"757","E 141 St & St Ann's Ave"
"758","Knickerbocker Ave & Thames St"
"759","E 81 St & 3 Ave"
"760","Lafayette Ave & Classon Ave"
"761","5 St & 51 Ave"
"762","W 11 St & 6 Ave"
"763","John St & William St"
"764","Richardson St & N Henry St"
"765","Sullivan St & Washington Sq"
"766","W 90 St & Amsterdam Ave"
"767","Murray St & West St"
"768","Fairview Ave & Linden St"
"769","38 Ave & 29 St"
"770","Washington Park"
"771","W 107 St & Columbus Ave"
"772","Barrow St & Hudson St"
"773","Milton St & Franklin St"
"774","St Nicholas Ave & W 150 St"
"775","5 Ave & E 72 St"
"776","Gansevoort St & Hudson St"
"777","Willis Ave & E 143 St"
"778","Nassau St & Navy St"
"779","Vernon Blvd & 41 Rd"
"780","49 Ave & 21 St"
"781","E 43 St & 2 Ave"
"782","Lincoln Ave & E 138 St"
"783","Amsterdam Ave & W 156 St"
"784","Anderson Ave & W 164 St"
"785","Fulton St & Adams St"
"786","Broadway & Madison St"
"787","Lefferts Pl & Franklin Ave"
"788","Carroll St & Columbia St"
"789","Lorimer St & Calyer St"
"790","Driggs Ave & N 9 St"
"791","Putnam Ave & Throop Ave"
"792","Nassau Ave & Newell St"
"793","Broad St & Bridge St"
"794","Frost St & Meeker Ave"
"795","Bergen St & Vanderbilt Ave"
"796","Laight St & Hudson St"
"797","E 106 St & 1 Ave"
"798","Stagg St & Union Ave"
"799","Henry St & Atlantic Ave"
"800","W 135 St & Lenox Terrace Pl"
"801","Park Ave & St Edwards St"
"802","Grand Concourse & E 161 St"
"803","Lewis Ave & Decatur St"
"804","Steinway St & 23 Ave"
"805","E 123 St & Lexington Ave"
"806","21 St & 31 Dr"
"807","DeKalb Ave & S Portland Ave"
"808","E 174 St & Walton Ave"
"809","E 135 St & St Ann's Ave"
"810","Monroe St & Classon Ave"
"811","Lenox Ave & W 130 St"
"812","Riverside Dr & W 148 St"
"813","Manhattan Av & Leonard St"
"814","Henry St & Middagh St"
"815","Cedar St & Evergreen Ave"
"816","Montgomery St & Franklin Ave"
"817","E 72 St & Park Ave"
"818","India St & Manhattan Ave"
"819","Lexington Ave & E 127 St"
"820","Union St & Nevins St"
"821","St James Pl & Pearl St"
"822","Commerce St & Van Brunt St"
"823","Division St & Bowery"
"824","Graham Ave & Conselyea St"
"825","Riverside Dr & W 82 St"
"826","Sigourney St & Columbia St"
"827","Bergen St & Flatbush Ave"
"828","37 St & 24 Ave"
"829","Suydam St & Knickerbocker Ave"
"830","Jackson St & Leonard St"
"831","48 Ave & 30 Pl"
"832","Degraw St & Hoyt St"
"833","30 Ave & 21 St"
"834","Mercer St & Spring St"
"835","1 Pl & Clinton St"
"836","Front St & Gold St"
"837","Sterling St & Bedford Ave"
"838","Central Ave & Weirfield St"
"839","Smith St & 9 St"
"840","Eastern Pkwy & Washington Ave"
"841","Brook Ave & E 157 St"
"842","Morningside Ave & W 123 St"
"843","Kosciuszko St & Tompkins Ave"
"844","E 68 St & 3 Ave"
"845","6 St & 7 Ave"
"846","Cumberland St & Lafayette Ave"
"847","Willow Ave & E 133 St"
"848","Evergreen Ave & Noll St"
"849","Bushwick Ave & Linden St"
"850","Plaza St West & Flatbush Ave"
"851","E 98 St & Park Ave"
"852","Washington Ave & E 174 St"
"853","Atlantic Ave & Furman St"
"854","Dwight St & Van Dyke St"
"855","Lafayette Ave & Fort Greene Pl"
"856","Washington Pl & Broadway"
"857","Smith St & 3 St"
"858","Central Ave & Covert St"
"859","23 Ave & 27 St"
"860","5 Ave & E 135 St"
"861","W 129 St & Convent Ave"
"862","Van Buren St & Broadway"
"863","Clinton St & Joralemon St"
"864","5 Ave & E 103 St"
"865","Amsterdam Ave & W 175 St"
"866","Eldert St & Bushwick Ave"
"867","3 St & Prospect Park West"
"868","Jefferson Ave & Evergreen Ave"
"869","Kent St & McGuinness Blvd"
"870","5 Ave & E 63 St"
"871","3 St & Hoyt St"
"872","Walton Ave & E 171 St"
"873","Perry St & Greenwich Ave"
"874","Jay St & York St"
"875","Butler St & Court St"
"876","31 St & Northern Blvd"
"877","Moffat St & Bushwick"
"878","Sunken Meadow Comfort Station"
"879","14 St & 7 Ave"
"880","Clermont Ave & Park Ave"
"881","Clinton St & Tillary St"
"882","Washington Ave & E 167 St"
"883","W 47 St & 6 Ave"
"884","St Nicholas Ave & W 137 St"
"885","40 Ave & 9 St"
"886","E 138 St & Cypress Ave"
"887","Bedford Ave & Montgomery St"
"888","Kent Ave & S 11 St"
"889","E 116 St & 2 Ave"
"890","36 Ave & 10 St"
"891","Jerome Ave & Anderson Ave"
"892","Division Ave & Marcy Ave"
"893","Alexander Ave & E 134 St"
"894","27 St & Hunter St"
"895","Columbia St & Degraw St"
"896","6 Ave & 9 St"
"897","E 149 St & Morris Ave"
"898","Crescent St & 34 Ave"
"899","46 Ave & 5 St"
"900","Douglass St & 4 Ave"
"901","Prospect Park West & 8 St"
"902","Albany Ave & Fulton St"
"903","Grand Concourse & E 171 St"
"904","Harlem River Dr & W 155 St"
"905","14 St & 5 Ave"
"906","28 St & 36 Ave"
"907","Menahan St & Seneca Ave"
"908","Central Ave & Starr Street"
"909","Court St & Nelson St"
"910","Forest Ave & Summerfield St"
"911","Banker St & Meserole Ave"
"912","St. Nicholas Ave & W 126 St"
"913","Graham Ave & Herbert St"
"914","Carroll St & Washington Ave"
"915","Greene Av & Myrtle Av"
"916","W 133 St & 12 Ave"
"917","W 34 St & 11 Ave"
"918","Park Pl & Franklin Ave"
"919","W 171 St & St. Nicholas Ave"
"920","Henry St & Bay St"
"921","Leonard St & Nassau Ave"
"922","McKibbin St & Bogart St"
"923","W 165 St & Fort Washington Ave"
"924","31 St & Hoyt Ave N"
"925","Willoughby St & Ashland Pl"
"926","34 Ave & 13 St"
"927","Putnam Ave & Nostrand Ave"
"928","E 16 St & Irving Pl"
"929","48 Ave & 5 St"
"930","39 St & 2 Ave"
"931","W 120 St & Claremont Ave"
"932","Montrose Ave & Bushwick Ave"
"933","Riverside Dr & W 78 St"
"934","Carlton Ave & Flushing Ave"
"935","Douglass St & 3 Ave"
"936","10 St & 5 Ave"
"937","Lincoln Ave & E 134 St"
"938","3 St & 3 Ave"
"939","12 St & 4 Ave"
"940","Lincoln Pl & Classon Ave"
"941","7 St & 5 Ave"
"942","Division Ave & Hooper St"
"943","37 Ave & 35 St"
"944","Macon St & Nostrand Ave"
"945","Melrose Ave & E 150 St"
"946","Fulton St & Clermont Ave"
"947","Bergen Ave & E 152 St"
"948","Harman St & Seneca Ave"
"949","Leonard St & Boerum St"
"950","Warren St & W Broadway"
"951","Menahan St & Onderdonk Ave"
"952","W Broadway & Spring St"
"953","Columbia Heights & Cranberry St"
"954","St. Nicholas Ave & W 157 St"
"955","Icahn Stadium"
"956","W 140 St & Riverside Dr"
"957","Stephen St & Seneca Ave"
"958","E 167 St & Clay Ave"
"959","N 11 St & Kent Ave"
"960","Van Brunt St & Wolcott St"
"961","N 15 St & Wythe Ave"
"962","Lexington Ave & Classon Ave"
"963","W 163 St & Riverside Dr"
"964","Franklin Ave & St Marks Ave"
"965","Myrtle Ave & Lewis Ave"
"966","W 145 St & Amsterdam Ave"
"967","W 51 St & 6 Ave"
"968","E 67 St & Park Ave"
"969","Coffey St & Conover St"
"970","W 26 St & 10 Ave"
"971","W 44 St & 5 Ave"
"972","10 St & 2 Ave"
"973","Halsey St & Broadway"
"974","47 Ave & Skillman Ave"
"975","Freeman St & Reverend James A Polite Ave"
"976","Concourse Village East & E 158 St"
"977","21 St & 43 Ave"
"978","Morningside Dr & Amsterdam Ave"
"979","Amsterdam Ave & W 162 St"
"980","Withers St & Kingsland Ave"
"981","2 Ave & 36 St"
"982","Putnam Ave & Knickerbocker Ave"
"983","Wards Meadow Comfort Station"
"984","Calyer St & Jewel St"
"985","3 Ave & Carroll St"
"986","Stuyvesant Walk & 1 Av Loop"
"987","2 Ave & E 122 St"
"988","Carlton Ave & Dean St"
"989","Onderdonk Ave & Dekalb Ave"
"990","Park Ave & Marcus Garvey Blvd"
"991","Broadway & Hancock St"
"992","W 155 St & Frederick Douglass Blvd"
"993","Willis Ave & Bruckner Blvd"
"994","Crotona Park North & Prospect Ave"
"995","Edgecombe Ave & W 167 St"
"996","5 Ave & E 93 St"
"997","Menahan St & Wyckoff Ave"
"998","1 Ave & E 110 St"
"999","Delancey St & Eldridge St"
"1000","W 170 St & University Ave"
"1001","E 171 St & Webster Ave"
"1002","Central Ave & Woodbine St"
"1003","W 51 St & Rockefeller Plaza"
"1004","Bronx Shore Comfort Station"
"1005","47 Ave & 31 St"
"1006","W 159 St & Edgecombe Ave"
"1007","Sheridan Ave & E 172 St"
"1008","Frost St & Debevoise Ave"
"1009","Hoyt St & Warren St"
"1010","E 153 St & E 157 St"
"1011","Prospect Ave & Longwood Ave"
"1012","Madison St & Woodward Ave"
"1013","Suydam St & St. Nicholas Ave"
"1014","W 146 St & Broadway"
"1015","Gerard Ave & E 164 St"
"1016","Plaza Dr & W 170 St"
"1017","9 St & 44 Rd"
"1018","Brook Ave & E 148 St"
"1019","Columbia St & W 9 St"
"1020","24 Ave & 26 St"
"1021","Green St & McGuinness Blvd"
"1022","Cabrini Blvd & W 177 St"
"1023","Knickerbocker Ave & Halsey St"
"1024","Walnut Ave & E 136 St"
"1025","Amsterdam Ave & W 152 St"
"1026","Adam Clayton Powell Blvd & W 151 St"
"1027","Intervale Ave & Kelly St"
"1028","Longwood Ave & Southern Blvd"
"1029","Sherman Ave & E 166 St"
"1030","Clay Ave & Claremont Pkwy"
"1031","Stanhope St & Fairview Ave"
"1032","Greene Ave & Grandview Ave"
"1033","Brook Ave & E 141 St"
"1034","Sheridan Ave & E 168 St"
"1035","Fulton Ave & E 168 St"
"1036","E 149 St & Park Ave"
"1037","George St & Wilson Ave"
"1038","11 St & 43 Ave"
"1039","Cypress Ave & George St"
"1040","E 160 St & Tinton Ave"
"1041","Linden St & Knickerbocker Ave"
"1042","E 149 St & Eagle Ave"
"1043","E 77 St & 3 Ave"
"1044","Harrison Pl & Porter Ave"
"1045","Myrtle Ave & Grove St"
"1046","Cauldwell Ave & E 158 St"
"1047","Bushwick Ave & Dekalb Ave"
"1048","Amsterdam Ave & W 172 St"
"1049","Knickerbocker Ave & Cooper St"
"1050","Convent Ave & W 151 St"
"1051","Bushwick Ave & Furman Ave"
"1052","7 St & 3 Ave"
"1053","Inwood Ave & W 170 St"
"1054","Broadway & Kosciuszko St"
"1055","Lorimer St & Broadway"
"1056","E 169 St & Fox St"
"1057","E 141 St & Jackson Ave"
"1058","River Ave & McClellan St"
"1059","Webster Ave & E 166 St"
"1060","Flushing Ave & Woodward Ave"
"1061","Henry St & W 9 St"
"1062","Madison St & Cypress Ave"
"1063","Jefferson St & Cypress Ave"
"1064","E 147 St & Bergen Ave"
"1065","Frederick Douglass Blvd & Harlem River Dr"
"1066","Stagg St & Morgan Ave"
"1067","Tompkins Ave & Hopkins St"
"1068","Hoe Ave & Jennings St"
"1069","Grand Concourse & E 164 St"
"1070","Bushwick Ave & McKibbin St"
"1071","Wales Ave & E 147 St"
"1072","Fulton Ave & St. Paul's Pl"
"1073","Metropolitan Ave & Vandervoort Ave"
"1074","Morgan Ave & Lombardy St"
"1075","Southern Blvd & Tiffany St"
"1076","St. Nicholas Terrace & Convent Ave"
"1077","Mt Morris Park W & W 120 St"
"1078","Devoe St & Morgan Ave"
"1079","E 157 St & River Ave"
"1080","Mount Eden Pkwy & Eastburn Ave"
"1081","Grant Ave & E 169 St"
"1082","Intervale Ave & Westchester Ave"
"1083","Clinton St & Centre St"
"1084","Southpoint Park"
"1085","E 158 St & Melrose Ave"
"1086","E 150 St & Gerard Ave"
"1087","Central Ave & Decatur St"
"1088","3 Ave & Franklin Ave"
"1089","Morris Ave & E 142 St"
"1090","Stewart Ave & Johnson Ave"
"1091","Beck St & Leggett Ave"
"1092","11 St & 35 Ave"
"1093","St. Ann's Ave & E 144 St"
"1094","Wolcott St & Dwight St"
"1095","Hancock St & Wyckoff Ave"
"1096","Morris Ave & E 171 St"
"1097","College Ave & E 170 St"
"1098","Boone Ave & E 172 St"
"1099","Gerard Ave & McClellan St"
"1100","E 138 St & Willow Ave"
"1101","Charlotte St & Boston Rd"
"1102","Walton Ave & E 153 St"
"1103","Courtlandt Ave & E 157 St"
"1104","West Farms Rd & Boone Ave"
"1105","Edgecombe Ave & W 150 St"
"1106","3 Ave & E 174 St"
"1107","Railroad Ave & Kay Ave"
"1108","Shakespeare Ave & W 169 St"
"1109","Louis Nine Blvd & Intervale Ave"
"1110","W 50 St & 10 Ave"
"1111","Amsterdam Ave & W 183 St"
"1112","Longfellow Ave & E 165 St"
"1113","St Ann's Ave & Westchester Ave"
"1114","E 134 St & Walnut Ave"
"1115","E 165 St & Fox St"
"1116","E 167 St & Franklin Ave"
"1117","Crotona Park East & E 173 St"
"1118","E 138 St & Canal St W"
"1119","3 Ave & E 172 St"
"1120","University Ave & W 168 St"
"1121","Morris Ave & E 153 St"
"1122","E 165 St & Jerome Ave"
"1123","Nelson Ave & W 172 St"
"1124","E 165 St & Clay Ave"
"1125","Southern Blvd & E 175 St"
"1126","E 170 St & Clay Ave"
"1127","Bruckner Blvd & Bryant Ave"
"1128","Jerome Ave & Ogden Ave"
"1129","W 54 St & 11 Ave"
"1130","Union Ave & E 169 St"
"1131","Hunts Point Ave & Bryant Ave"
"1132","Fulton Ave & E 172 St"
"1133","E 163 St & Tiffany St"
"1134","Prospect Ave & E 151 St"
"1135","Lafayette Ave & Hunts Point Ave"
"1136","E 155 St & Courtlandt Ave"
"1137","Westchester Ave & E 156 St"
"1138","Ogden Ave & Merriam Ave"
"1139","Southern Blvd & E 142 St"
"1140","W 44 St & 11 Ave"
"1141","Boston Rd & Prospect Ave"
"1142","Garrison Ave & Manida St"
"1143","Prospect Ave & Jennings St"
"1144","E 133 St & Cypress Pl"
"1145","Metropolitan Ave & Stewart Ave"
"1146","W 17 St & 8 Ave"
"1147","Wilkins Ave & Crotona Park E"
"1148","Grand Concourse & E 156 St"
"1149","Westchester Ave & Southern Blvd"
"1150","Seneca Ave & Irvine St"
"1151","Faile St & Garrison Ave"
"1152","E 9 St & Avenue C"
"1153","E 50 St & Park Ave"
"1154","Old Slip & South St"
"1155","Hudson St & W 13 St"
"1156","Lexington Ave & E 24 St"
"1157","West Thames St"
"1158","Barry St & Tiffany St"
"1159","E 6 St & Avenue B"
"1160","Cadman Plaza E & Tillary St"
"1161","Spring St & Hudson St"
"1162","Thompson St & Bleecker St"
"1163","34th Ave & Vernon Blvd"
"1164","W 10 St & Washington St"
"1165","21 St & 23 Ave"
"1166","18 St & 27 Ave"
"1167","34 Ave & 31 St"
"1168","8 St & Astoria Blvd"
"1169","E 54 St & 1 Ave"
"1170","Southern Blvd & E 174 St"
"1171","35 St & 23 Ave"
"1172","W 167 St & St. Nicholas Ave"
"1173","24 St & 38 Ave"
"1174","Morris Ave & E 163 St"
"1175","Glenwood Ave"
"1176","Newport PATH"
"1177","Paulus Hook"
"1178","Baldwin at Montgomery"
"1179","NYCBS DEPOT - DELANCEY"
"1180","Washington St"
"1181","Columbus Dr at Exchange Pl"
"1182","Riverview Park"
"1183","Hamilton Park"
"1184","Heights Elevator"
